<?xml version="1.0"?>
<doc>
    <assembly>
        <name>ApprovalTests</name>
    </assembly>
    <members>
        <member name="T:ApprovalTests.Asp.MovedToSeperateNugetPackage">
            <summary>
            These classes have all been moved to a seperate Nuget Package.
            Simply add ApprovalTests.Asp
            </summary>
        </member>
        <member name="M:ApprovalTests.Core.IApprovalApprover.Approve">
            <summary>
                Called to verify.
                Should save the received resource and compare.
            </summary>
            <remarks>
                Note: This is part 1 of a 2 part call : if (Approve()) {Fail()}
                To allow for the reporter to interject and approve in the interm
            </remarks>
            <returns>  true if Matching, false if not</returns>
        </member>
        <member name="M:ApprovalTests.Core.IApprovalApprover.Fail">
            <summary>
                Called if Approve() returned false and
                the reporter did not Self-Approve via  .ApprovedWhenReported()
                Usually throws an some sort of Exception
            </summary>
            <remarks>
                Note: This is part 1 of a 2 part call : if (Approve()) {Fail()}
                To allow for the reporter to interject and approve in the interm
            </remarks>
        </member>
        <member name="M:ApprovalTests.Html.HtmlApprovals.VerifyHtmlStrict(System.String)">
            <summary>
            	Throws exception if Html is incorrectly formatted
            </summary>
        </member>
        <member name="M:ApprovalTests.Maintenance.ApprovalMaintenance.CleanUpAbandonedFiles">
            <summary>
            ** Warning : use at your own risk **
            Deletes any files that may have been abandoned.
            </summary>
            <returns> List of deleted files</returns>
        </member>
        <member name="M:ApprovalTests.Xml.XmlApprovals.VerifyXmlStrict(System.String)">
            <summary>
            	Throws exception if Xml is incorrectly formatted
            </summary>
        </member>
    </members>
</doc>
